{"cameraMode":{"drawMode":0,"name":"Shaded","section":"Shading Mode"},"sceneLighting":true,"audioPlay":false,"sceneViewState":{"showFog":true,"showMaterialUpdate":false,"showSkybox":true,"showFlares":true,"showImageEffects":true,"showParticleSystems":true},"in2DMode":false,"pivot":{"x":1.2322101593017579,"y":0.1608072817325592,"z":-4.258794784545898},"rotation":{"x":0.7071920037269592,"y":0.07576049119234085,"z":-0.07667508721351624,"w":0.6987566351890564},"size":22.261653900146486,"orthographic":true}